"","GEOID","median_rent","total_pop","pct_white","pct_black","pct_asian","median_hh_income","pct_renter","median_year_built_renter","aggregate_rooms","median_rooms","total_hh","pct_family","pct_unemployed","pct_rent_burdened"
"1","42101000101",2057,1996,86.4228456913828,2.35470941883768,3.65731462925852,108438,74.6648793565684,1938,1600,2.9,1492,19.3029490616622,2.23835450695705,32.9443447037702
"2","42101000102",2242,3025,86.2479338842975,2.54545454545455,7.17355371900826,108203,62.2725036891294,1938,2259,2.8,2033,19.6753566158387,4.63960231980116,24.8815165876777
"3","42101000200",1768,3259,45.7195458729672,8.10064436943848,42.7124884934029,97256,53.5017221584386,1974,1883,3.5,1742,39.3226176808266,0,47.2103004291845
"4","42101000300",2102,4236,62.2993389990557,11.6383380547686,15.6751652502361,102330,80.8844507845934,1975,2998,2.8,2804,16.8330955777461,1.59436410826845,33.5978835978836
"5","42101000401",1318,2857,50.2975148757438,21.1760588029401,23.1361568078404,89663,68.3982683982684,1962,2356,2.4,2079,20.5387205387205,1.50724637681159,33.4739803094233
"6","42101000403",2168,1046,80.4971319311664,2.67686424474187,10.038240917782,187743,30.2292263610315,1938,808,3.2,698,35.6733524355301,10.4105571847507,13.7440758293839
"7","42101000404",2255,2815,79.2895204262878,5.36412078152753,9.34280639431616,93998,53.4442903374942,1971,2721,3.1,2163,20.5732778548313,6.50557620817844,28.2006920415225
"8","42101000500",1859,3292,41.0388821385176,33.5662211421628,17.5577156743621,68977,93.8513513513514,1998,1654,2,1480,14.3918918918919,5.52184466019417,44.2044636429086
"9","42101000600",2398,1859,68.8004303388919,8.60677783754707,20.0107584722969,145036,99.2424242424242,1938,1554,2.8,1188,19.1919191919192,4.37544107268878,32.2307039864292
"10","42101000701",2177,2024,79.298418972332,3.50790513833992,15.3162055335968,90343,77.3148148148148,1938,1784,3.1,1512,17.3941798941799,1.05263157894737,43.0282292557742
"11","42101000702",2168,2031,52.3879862136878,3.00344657804037,25.4062038404727,63200,76.2793914246196,1973,1696,2.8,1446,14.2461964038728,1.2588512981904,48.0507706255666
"12","42101000801",1942,1716,72.960372960373,1.98135198135198,9.96503496503496,130096,65.1515151515152,1938,1147,3.7,990,41.6161616161616,1.99833472106578,55.3488372093023
"13","42101000803",1762,3580,81.536312849162,1.87150837988827,7.68156424581006,86538,53.1223267750214,1945,2607,3.5,2338,31.7792985457656,2.79232111692845,44.0418679549114
"14","42101000805",2008,2512,75.2786624203822,0.477707006369427,16.3614649681529,90741,74.789029535865,1950,2310,2.6,1896,20.253164556962,4.71264367816092,49.5063469675599
"15","42101000806",2441,2347,78.6536003408607,3.74946740519813,12.6970600766937,179609,75.6724447101016,1974,2006,2.9,1673,19.4859533771668,7.09421112372304,24.3285939968404
"16","42101000901",1417,2127,55.1951104842501,20.075223319229,12.5528913963329,51384,88.2905447714465,1938,1858,2.2,1597,18.2216656230432,1.23939986953686,57.0921985815603
"17","42101000902",1630,2714,68.7177597641857,5.34266764922623,20.4495210022108,85271,88.9539136795903,1973,1497,3.2,1367,39.3562545720556,7.03448275862069,35.6907894736842
"18","42101001001",2262,2816,89.9857954545455,1.171875,5.64630681818182,114205,46.6398621481907,1960,1990,3.5,1741,33.0844342331993,0.687285223367698,34.9753694581281
"19","42101001002",2086,3493,86.2009733753221,0.801603206412826,11.0220440881764,137250,31.5647482014388,1952,2569,3.5,2224,27.7428057553957,2.18543046357616,44.4444444444444
"20","42101001101",1365,4429,60.6909008805599,16.8886881914653,8.42176563558365,61850,78.2197715636077,1945,2558,2.7,2539,29.26348956282,6.75929402929027,48.6908358509567
"21","42101001102",1752,2960,75.5405405405405,5.81081081081081,7.16216216216216,136310,50.5681818181818,1938,1707,4.2,1584,46.8434343434343,4.18429713211095,37.4531835205993
"22","42101001201",2071,4119,84.3165816945861,5.53532410779315,2.47632920611799,119683,55.396370582617,1938,2349,4.3,2094,35.5300859598854,1.46038700255568,41.2068965517241
"23","42101001203",1840,1883,86.5639936271907,1.85873605947955,5.94795539033457,107537,73.2548359966358,1938,1238,2.7,1189,23.8015138772077,4,37.6578645235362
"24","42101001204",1623,3449,85.1841113366193,0.927805160916208,3.74021455494346,94056,67.67578125,1938,2359,3.4,2048,31.4453125,8.7819947043248,38.8167388167388
"25","42101001301",1980,1773,62.0981387478849,25.26790750141,6.42978003384095,133320,36.3984674329502,1951,920,5.4,783,61.4303959131545,1.85873605947955,11.9298245614035
"26","42101001302",2110,4695,81.4696485623003,9.6272630457934,5.5591054313099,101884,46.3636363636364,1975,2302,4.8,1980,43.9393939393939,3.59259259259259,41.7211328976035
"27","42101001400",1761,4186,66.3401815575729,21.5241280458672,2.48447204968944,98981,50.4217432052484,1981,2456,4.4,2134,36.4104967197751,1.52761457109283,39.3122676579926
"28","42101001500",1758,3027,73.1086884704328,15.3947803105385,5.97951767426495,108378,44.9528936742934,1947,1599,4.2,1486,37.0794078061911,2.39282153539382,41.7664670658683
"29","42101001600",2012,2508,88.755980861244,3.70813397129187,2.15311004784689,144954,49.424405218726,1938,1465,4.3,1303,31.0821181887951,4.52069716775599,32.9192546583851
"30","42101001700",1788,2966,66.9588671611598,4.82130815913688,4.28186109238031,145833,37.2011251758087,1938,1572,4.8,1422,46.4838255977497,1.85078079814922,30.2457466918715
"31","42101001800",1834,3285,73.820395738204,13.4855403348554,5.57077625570776,121719,55.9411764705882,1969,1869,4.6,1700,42.2352941176471,5.23473203157457,31.335436382755
"32","42101001900",2091,3532,55.9173272933182,22.7916194790487,14.5526613816535,144261,46.3098591549296,1986,2012,4.4,1775,37.8028169014084,6.51515151515152,41.4841849148418
"33","42101002000",1855,2202,42.1435059037239,31.1534968210718,11.1262488646685,106420,38.1611065907242,1938,1330,5.5,1229,33.3604556550041,2.92857142857143,31.3432835820896
"34","42101002100",1833,2532,46.9194312796209,34.2417061611374,11.8088467614534,116354,37.1732817037754,1955,1166,5.6,1033,46.75701839303,3.39522546419098,26.3020833333333
"35","42101002200",1685,2546,45.8758837391987,35.4281225451689,5.02749410840534,73462,52.5380710659898,1938,1463,4.9,1182,46.4467005076142,6.04565083281925,64.2512077294686
"36","42101002300",1828,3049,75.5657592653329,0.918333879960643,12.889471958019,125781,45.7575757575758,1938,1375,5.1,1320,49.3181818181818,2.5027808676307,31.7880794701987
"37","42101002400",1675,4666,75.5036433776254,5.82940420060009,7.00814402057437,84732,45.4897406116918,1938,2864,4.8,2583,44.0572977158343,4.3447792571829,53.2765957446809
"38","42101002500",1181,4306,67.1620993961914,18.230376219229,6.57222480260102,83508,44.0135724672807,1965,2133,5.1,2063,55.6471158507029,5.02222222222222,32.9295154185022
"39","42101002701",1450,3698,58.1395348837209,9.1941590048675,11.8442401297999,95224,42.0193778684345,1938,2069,4.8,1961,35.4920958694544,5.80218068535826,38.5922330097087
"40","42101002702",2140,4409,74.2118394193695,5.7836244046269,3.31140848264913,99797,33.8107416879795,1938,2150,5.6,1955,52.2250639386189,4.83558994197292,45.9909228441755
"41","42101002801",1605,4175,57.1497005988024,3.18562874251497,22.6826347305389,71027,47.2382048331415,1938,1880,5.5,1738,50.2876869965478,6.19909502262443,40.925700365408
"42","42101002802",1485,5868,60.0715746421268,5.43626448534424,22.4437627811861,94427,34.4983552631579,1955,2555,5.2,2432,62.7467105263158,7.74940617577197,44.9344457687723
"43","42101002900",1407,4031,70.4787893822873,3.89481518233689,6.42520466385512,104981,40.735632183908,1938,2299,4.8,2175,38.9885057471264,3.8019801980198,21.4446952595937
"44","42101003001",1298,3726,34.7020933977456,14.4122383252818,32.5818572195384,55288,40.1300236406619,1942,1866,5,1692,53.3687943262411,10.6124604012672,52.4300441826215
"45","42101003002",1775,3200,46.0625,28.65625,11.1875,78843,49.171974522293,1938,1849,5.6,1570,42.9299363057325,10.6424717999019,35.3626943005181
"46","42101003100",1404,4591,37.5299499019821,47.7455891962535,0.41385319102592,83620,38.77638948729,1957,2753,5.6,2321,39.2934080137872,3.52941176470588,46.3333333333333
"47","42101003200",1531,3856,27.8267634854772,53.1898340248963,5.93879668049793,68250,29.086678301338,1938,2160,5.3,1719,45.5497382198953,8.61656294877932,49.4
"48","42101003300",1422,6546,38.2676443629698,48.2584784601283,6.87442713107241,80850,60.9512850019179,1958,3254,5.6,2607,53.0494821634062,4.01322001888574,36.5009439899308
"49","42101003600",548,6879,14.129960750109,63.715656345399,19.4505015263846,43688,57.9634464751958,1955,2846,5.1,2681,60.686311077956,12.4664879356568,48.6486486486486
"50","42101003701",1528,4895,24.2083758937692,39.244126659857,27.7425944841675,69896,32.3281596452328,1938,2680,5.3,2255,50.4656319290466,8.859357696567,43.8957475994513
"51","42101003702",1585,3499,23.0923120891683,46.4704201200343,19.8913975421549,47760,42.4036281179138,1965,1464,5.8,1323,58.0498866213152,2.35507246376812,60.7843137254902
"52","42101003800",1446,3839,90.7267517582704,0.651211252930451,3.51654076582443,94538,15.0875075437538,1938,1740,5.8,1657,57.1514785757393,3.66492146596859,32.4
"53","42101003901",1213,6218,52.5249276294629,16.2431650048247,16.3396590543583,59262,55.2701801200801,1938,3287,4.7,2998,38.5923949299533,7.78669183577159,39.7103198551599
"54","42101003902",1405,5206,84.4602381867076,0,5.8586246638494,87258,23.3333333333333,1938,2631,5.5,2310,65.5844155844156,7.89172703011819,43.2282003710575
"55","42101004001",1381,4118,76.8576979116076,3.27829043224866,6.9208353569694,82258,44.750593824228,1951,2197,4.7,2105,48.9311163895487,4.6124763705104,48.619957537155
"56","42101004002",1583,5182,75.2219220378232,4.70860671555384,10.9803164801235,94150,21.5030408340573,1938,2462,5.1,2302,51.2163336229366,4.56191165821868,48.0808080808081
"57","42101004101",1540,5489,38.2765531062124,13.5908179996356,27.5095645837129,72500,34.780578898226,1938,2486,5.3,2142,70.4481792717087,6.89039628704034,34.2281879194631
"58","42101004103",1568,4670,21.4989293361884,0.256959314775161,33.7687366167024,52083,37.1621621621622,1938,1416,5.2,1332,74.3243243243243,1.79271708683473,43.030303030303
"59","42101004104",1220,3844,45.7596253902185,6.08740894901145,36.9927159209157,62857,44.1087613293051,1940,1371,5.3,1324,67.2960725075529,0,25.1712328767123
"60","42101004201",1561,4545,59.5379537953795,3.65236523652365,28.2508250825082,84500,24.6153846153846,1938,2408,5.3,2080,52.5961538461538,5.04003768252473,28.3203125
"61","42101004202",1639,5568,63.5775862068966,5.96264367816092,13.1465517241379,75984,28.2026768642447,1938,2228,5.2,2092,63.7189292543021,3.62264150943396,45.4237288135593
"62","42101005400",1371,1688,16.1137440758294,79.9170616113744,3.55450236966825,56197,60.5405405405405,1977,772,4.2,740,51.6216216216216,0.561797752808989,71.6517857142857
"63","42101005500",1496,6183,6.21057738961669,80.5434255215915,2.7171276079573,67063,34.9587665830047,1967,2826,5.7,2789,55.4320544998207,9.20886075949367,49.8461538461538
"64","42101005600",1159,1073,7.54892823858341,84.0633737185461,0,35474,90.2654867256637,1975,741,3.9,678,41.0029498525074,8.26446280991735,51.4705882352941
"65","42101006000",1166,5923,10.0118183353031,74.978895829816,2.78575046429174,44199,41.0196987253766,1955,2764,5.7,2589,54.2680571649285,8.54810996563574,46.8926553672316
"66","42101006100",1289,2942,6.83208701563562,69.0006798096533,12.9163834126445,45521,20.1314708299096,1961,1243,6.4,1217,64.3385373870173,24.7653429602888,76.734693877551
"67","42101006200",1308,4566,3.89837932544897,85.3482260183968,6.98642137538327,48634,55.0568521843208,1938,1753,6,1671,65.5894673847995,9.92937266306606,63.1521739130435
"68","42101006300",1167,4380,2.26027397260274,83.7214611872146,7.42009132420091,32997,69.2216981132076,1945,2020,5.6,1696,58.372641509434,10.9712230215827,49.8296422487223
"69","42101006400",1212,4459,5.04597443372954,73.9851984749944,5.53935860058309,42469,33.0176767676768,1938,1790,5.9,1584,67.1085858585859,3.22429906542056,33.2695984703633
"70","42101006500",954,4842,2.91201982651797,90.272614622057,1.56959933911607,48173,55.4540262707025,1938,2234,6.2,1751,53.5693889206168,5.32066508313539,49.8455200823893
"71","42101006600",934,3363,5.26315789473684,79.3636633957776,4.66845078798692,27206,68.1379310344828,1941,1734,5.7,1450,41.5862068965517,2.91338582677165,65.587044534413
"72","42101006700",1453,7748,2.4909654104285,83.866804336603,9.00877645844089,43220,57.2709801409353,1938,3322,5.7,3122,58.263933376041,9.80735551663748,71.1968680089485
"73","42101007000",1312,3640,1.48351648351648,83.9010989010989,0,41206,54.9597855227882,1949,1737,6.1,1492,50.9383378016086,15.3096729297147,47.6829268292683
"74","42101007101",1292,2156,6.02968460111317,91.4192949907236,1.62337662337662,44286,57.9418344519016,1938,1078,6.1,894,62.5279642058166,10.3954802259887,56.3706563706564
"75","42101007102",1224,4463,2.77840017925162,89.5585928747479,0,40602,39.9100618324902,1945,2153,6,1779,51.5458122540753,2.62751159196291,42.5352112676056
"76","42101007200",1230,4602,2.0425901781834,82.703172533681,1.62972620599739,50660,53.027139874739,1938,2074,6.3,1916,56.3152400835073,9.36828534593898,34.0551181102362
"77","42101007300",1326,3133,22.8534950526652,60.3894031279923,6.63900414937759,71106,47.0671378091873,1938,1654,4.9,1415,47.4911660777385,17.2306090577824,28.5285285285285
"78","42101007400",1178,3690,11.6531165311653,66.2872628726287,4.57994579945799,36250,54.9862258953168,1944,2159,6.1,1815,40.0550964187328,11.0566829951015,41.4829659318637
"79","42101007700",1201,1815,57.1900826446281,17.6308539944904,14.2148760330579,60817,88.6211512717537,1938,816,3.1,747,28.2463186077644,3.65168539325843,48.1873111782477
"80","42101007800",1236,4609,57.7131698850076,21.5448036450423,7.83250162725103,63348,79.5197100135931,1938,2354,3.8,2207,30.9922972360671,5.19257221458047,45.8689458689459
"81","42101007900",1238,4120,57.1844660194175,19.3203883495146,7.69417475728155,85018,53.5348610433935,1938,2336,4.4,2051,42.564602632862,3.38484179543782,44.8998178506375
"82","42101008000",1227,3811,21.9889792705327,66.9640514300709,2.12542639727106,70526,51.78866263071,1938,2062,5.6,1817,43.5332966428178,5.35714285714286,39.5324123273114
"83","42101008101",1056,2638,11.2585291887794,85.7846853677028,0.682335102350265,47614,40.2884615384615,1946,1277,6.2,1040,73.5576923076923,2.3094688221709,65.1551312649165
"84","42101008102",1253,5297,10.7796866150651,78.8559562016236,0.585236926562205,53289,33.8229122954259,1938,2580,6.5,2383,46.537977339488,12.0100683207479,44.9131513647643
"85","42101008200",1282,8173,5.10216566744158,93.0747583506668,0,35518,26.7583120204604,1938,3595,6.2,3128,57.0012787723785,11.1599594183294,84.2293906810036
"86","42101008301",723,3861,3.80730380730381,87.1535871535872,0.259000259000259,35174,54.8758328285887,1943,2078,5.9,1651,42.9436705027256,5.27075812274368,59.6026490066225
"87","42101008302",1173,4457,2.66995737042854,92.8202827013686,4.08346421359659,29571,49.6232508073197,1949,2277,6.1,1858,57.9655543595264,5.33742331288344,62.3644251626898
"88","42101008400",1332,5319,2.95168264711412,78.9058093626622,4.17371686407219,53182,44.7136563876652,1938,2071,6.1,1816,65.1982378854626,4.81727574750831,66.256157635468
"89","42101008500",1028,6156,13.2391163092917,77.0142949967511,5.76673164392463,45747,64.1515440942375,1944,3731,5.2,3141,38.1725565106654,9.69403211148137,57.4193548387097
"90","42101008601",1618,3364,56.3912009512485,19.0844233055886,6.33174791914388,87875,74.4040150564617,1938,1940,3.8,1594,42.3462986198243,6.71708185053381,45.1939291736931
"91","42101008602",1265,2805,31.0160427807487,57.9322638146168,5.38324420677362,32127,80.4575163398693,1954,1863,3.7,1530,36.2091503267974,2.93489861259338,69.6994313566206
"92","42101008701",1471,3831,54.7637692508483,6.02975724353955,28.0605586008875,61621,89.4455252918288,1938,2217,3.6,2056,21.4007782101167,1.53846153846154,53.8879825992387
"93","42101008702",1397,3272,63.9364303178484,9.81051344743276,15.5562347188264,56181,90.7158836689038,1938,2169,2.9,1788,17.337807606264,14.0632603406326,54.3156596794081
"94","42101008801",2742,2093,54.6583850931677,9.5078834209269,23.7935977066412,33990,100,2016,681,2.5,463,11.2311015118791,1.39935414424112,69.1144708423326
"95","42101008802",1416,6167,48.3541430192963,16.3450624290579,25.0526998540619,31293,92.739898989899,1938,2117,3.1,1584,26.010101010101,4.12496208674553,59.9046970728387
"96","42101009000",1550,7525,56.3189368770764,18.2857142857143,17.3687707641196,38976,88.0204996796925,1955,1744,3.6,1561,16.8481742472774,10.3673469387755,63.5371179039301
"97","42101009100",1198,2963,38.7445156935538,28.0796490043874,21.1609854876814,35139,88.9368591473287,1956,2336,3.1,1853,5.88235294117647,18.047138047138,51.0922330097087
"98","42101009200",1258,3402,23.5449735449735,54.2621987066432,14.8736037624927,54271,67.6036542515812,1970,1720,4.5,1423,46.8728039353479,7.08622398414272,36.9022869022869
"99","42101009300",1089,4703,3.72102913034233,90.7293217095471,4.06123750797363,40933,42.6834969611968,1938,2584,5.9,2139,48.3403459560542,11.2169312169312,63.4173055859803
"100","42101009400",847,3816,0.628930817610063,91.1949685534591,0,30335,70.6274292059967,1950,2148,5.4,1801,52.8039977790117,8.17958179581796,41.9025157232704
"101","42101009500",1156,3568,1.03699551569507,98.6547085201794,0.308295964125561,32935,57.5957727873184,1942,1825,5.9,1514,56.8031704095112,9.09752547307133,61.0091743119266
"102","42101009600",1304,3576,0,95.2181208053691,0.531319910514541,42297,55.9023066485753,1938,2196,6,1474,54.6811397557666,8.97435897435897,45.752427184466
"103","42101009801",1397,2547,6.04632901452689,84.3737730663526,3.72987828818218,75446,40.2870813397129,1965,1121,5.9,1045,61.9138755980861,6.12745098039216,47.5059382422803
"104","42101009802",1527,5802,4.10203378145467,88.2281971733885,0,79531,24.3755781683626,1952,2361,6.2,2162,71.2765957446808,9.61074750258353,22.7703984819734
"105","42101010000",1250,5439,5.33186247471962,90.5497334068763,0.202243059385917,54871,38.336820083682,1938,2112,6,1912,66.7364016736402,8.24896887889014,60.0272851296044
"106","42101010100",963,6248,2.27272727272727,94.4622279129321,0,46492,53.9368581209585,1938,3230,6,2629,50.0570559147965,7.73057787983161,31.4527503526093
"107","42101010200",1117,3426,5.57501459427904,90.8639813193228,0,23750,62.3574144486692,1946,1778,5.3,1578,57.8580481622307,12.015503875969,48.6788617886179
"108","42101010300",1106,2278,1.05355575065847,98.4635645302897,0,32045,50.0998003992016,1938,1369,5.8,1002,51.9960079840319,12.5260960334029,77.2908366533864
"109","42101010400",1109,3683,5.18598968232419,80.0162910670649,0.13575889220744,31063,71.0091743119266,1955,2076,5.9,1635,65.5045871559633,8.72374798061389,36.0895779500431
"110","42101010500",798,4108,5.45277507302824,88.7293086660175,3.62706913339825,38581,71.5022566086396,1966,1778,5.6,1551,50.4835589941973,10.7117181883537,44.5446348061316
"111","42101010600",939,1610,6.95652173913043,84.1614906832298,7.82608695652174,19013,74.25320056899,1954,857,5.2,703,51.4935988620199,16.338880484115,53.0651340996169
"112","42101010700",1225,3355,9.86587183308495,79.672131147541,0,42569,74.2301458670989,1938,1680,5.8,1234,55.5915721231767,3.65950676213206,48.2532751091703
"113","42101010800",953,4971,6.3971031985516,79.0183061758198,3.64111848722591,32999,63.433190679981,1938,2371,5.5,2103,51.3552068473609,4.92307692307692,45.6521739130435
"114","42101010900",1217,2571,18.7475690392843,72.6565538700895,6.06767794632439,31343,77.660510114336,1990,1270,4.4,1137,41.1609498680739,9.80091883614089,61.1551528878822
"115","42101011000",1134,2943,9.65001698946653,81.583418280666,0.54366292898403,29122,70.4041720990873,1955,1935,5.2,1534,48.2398956975228,3.99002493765586,69.1666666666667
"116","42101011100",882,3993,1.17705985474581,95.717505634861,0,47632,49.4743758212878,1945,2037,5.9,1522,69.053876478318,28.4356725146199,44.3559096945551
"117","42101011200",1351,6196,0.726275016139445,96.8850871530019,0,28958,52.7590847913863,1938,2583,6,2229,63.7056976222521,14.4705318639195,81.0374149659864
"118","42101011300",1106,4098,1.29331381161542,97.510980966325,0,44545,30.3378378378378,1944,1663,6,1480,70.1351351351351,10.2748691099476,53.6748329621381
"119","42101011400",1151,6886,4.99564333430148,93.6537902991577,0,44416,47.5175047740293,1947,3581,6,3142,49.3634627625716,3.42354091946528,35.2980576021433
"120","42101011500",1056,4637,8.54000431313349,85.5510028035368,0,87349,15.661252900232,1950,1923,6,1724,72.5058004640371,4.58515283842795,43.7037037037037
"121","42101011700",3132,2010,45.9203980099502,36.0696517412935,10.9452736318408,127083,21.7391304347826,1938,417,7.2,368,64.4021739130435,9.20598388952819,47.5
"122","42101011800",1229,4877,1.18925568997334,90.9165470576174,4.63399630920648,35515,13.6666666666667,1938,2403,6.1,2100,66.4285714285714,2.73885350318471,51.9163763066202
"123","42101011900",1186,4600,6.47826086956522,89.8913043478261,0,63628,48.5385296722764,1947,2652,5.7,2258,41.496899911426,12.5549584758183,32.8467153284672
"124","42101012000",1326,1985,29.2191435768262,46.2468513853904,10.4282115869018,61483,61.2005856515373,1955,775,5.4,683,45.6808199121523,11.25,46.6507177033493
"125","42101012100",1269,3144,19.8473282442748,73.7277353689567,1.84478371501272,53377,71.7016029593095,1961,1701,4.1,1622,39.0258939580765,12.1434392828036,53.3104041272571
"126","42101012201",1406,2884,21.4285714285714,54.0915395284327,11.1997226074896,42782,100,1977,2341,3,2082,18.1556195965418,14.367816091954,62.5840537944284
"127","42101012203",2039,1079,27.1547729379055,26.9694161260426,19.2771084337349,63409,100,1975,1008,2.6,792,9.72222222222222,7.90568654646325,54.7979797979798
"128","42101012204",1341,4014,15.6203288490284,75.1370204285003,4.75834578973592,46037,49.0651844365841,1964,2209,4.2,1979,38.2011116725619,11.0645933014354,50.2574665293512
"129","42101012501",2474,2338,66.082121471343,13.8152266894782,12.3182207014542,82700,100,1997,1768,2.7,1370,29.3430656934307,3,65.1824817518248
"130","42101012502",2174,3912,65.9764826175869,11.9887525562372,13.59918200409,109602,79.2158355538637,1970,2946,2.8,2627,32.3943661971831,0,34.887073522345
"131","42101013100",1036,1769,31.9954776710006,60.712266817411,3.8439796495195,31924,84.7102342786683,1955,904,4.2,811,47.1023427866831,2.14105793450882,57.7874818049491
"132","42101013200",1103,3450,31.2173913043478,45.304347826087,6.55072463768116,44299,80.9360730593607,1979,1826,4.3,1752,18.6073059360731,8.15028901734104,42.4541607898448
"133","42101013300",1722,3595,50.0695410292072,24.4506258692629,10.6815020862309,98373,80.4934823091248,1958,2353,3.1,2148,26.3035381750466,5.03731343283582,25.9687680740312
"134","42101013401",2164,2962,85.0101282916948,9.85820391627279,1.85685347738015,147361,36.442989634479,1966,1960,4,1833,35.2427714129842,5.6283731688512,27.3952095808383
"135","42101013402",1732,2813,80.8034127266264,3.30607891930324,3.51937433345183,92500,75.3348214285714,1959,2103,3.2,1792,23.4933035714286,3.93081761006289,31.7777777777778
"136","42101013500",1947,4188,82.2349570200573,10.1480420248329,3.48615090735435,146792,40.7611693325979,2000,1950,5.6,1813,55.3778268063982,5.70915619389587,42.7604871447903
"137","42101013601",1905,2789,79.4908569379706,4.87629974901398,5.37827178200072,108867,34.7388294524858,1938,1638,4.6,1589,40.7803650094399,0.826901874310915,33.1521739130435
"138","42101013602",1761,3931,83.2358178580514,4.52810989570084,4.85881455100483,131705,47.4416294088425,1938,2088,4.3,2013,45.8022851465474,2.22536206287531,21.7801047120419
"139","42101013701",1818,1889,39.4917946003176,37.1095817893065,10.7464266807835,94396,58.7198515769944,2003,1225,4.1,1078,32.1892393320965,12.3732251521298,12.9541864139021
"140","42101013702",1499,4063,46.8619246861925,46.0497169579129,1.4275166133399,82660,47.4097331240188,1953,2111,5.6,1911,50.130821559393,2.26495726495726,29.0286975717439
"141","42101013800",1827,1925,31.012987012987,50.961038961039,6.44155844155844,63523,64.7739221871714,1962,1234,4.9,951,54.0483701366982,8.69230769230769,54.3831168831169
"142","42101013900",1111,2749,44.1251364132412,40.4874499818116,1.20043652237177,52741,70.3513909224012,1979,1565,4.1,1366,49.6339677891654,11.8694362017804,40.7908428720083
"143","42101014000",1282,5038,38.7852322350139,37.9515680825725,12.2072250893212,49234,73.2065001981768,1996,2848,4.2,2523,15.9730479587792,5.85466313621653,35.7336220898755
"144","42101014100",878,3156,28.7072243346008,43.1875792141952,17.1736375158428,21211,79.0344827586207,1985,1535,3.6,1450,47.1724137931034,12.8,78.4467713787085
"145","42101014201",2143,3313,81.5575007546031,5.58406278297615,4.61817084213704,149475,58.1381381381381,1955,1768,4,1665,45.1651651651652,3.90262751159196,14.8760330578512
"146","42101014202",1976,2448,69.9346405228758,8.78267973856209,9.76307189542484,101488,61.0936517913262,1998,1723,3.2,1591,18.3532369578881,2.28628230616302,37.7572016460905
"147","42101014300",2096,1888,82.3093220338983,8.36864406779661,6.25,127520,30.3951367781155,2011,1049,4.9,987,45.2887537993921,19.024045261669,31.6666666666667
"148","42101014400",2053,6177,63.2669580702606,9.09826776752469,11.639954670552,129023,58.5879873551106,2005,3051,4.5,2847,33.0172110994029,2.78776978417266,41.1870503597122
"149","42101014500",1065,2398,12.3853211009174,44.4954128440367,10.6338615512927,42619,70.7423580786026,1975,993,4.8,916,50.6550218340611,23.2323232323232,57.0987654320988
"150","42101014600",1093,5336,37.2376311844078,41.6416791604198,13.5119940029985,51563,66.8503937007874,1993,1411,4.9,1270,34.8818897637795,8.10936051899907,54.1813898704358
"151","42101014700",1213,3310,33.595166163142,39.2447129909366,10.2416918429003,26018,86.4332603938731,1976,1584,4.4,1371,22.4653537563822,14.0156754264638,78.5654008438819
"152","42101014800",863,892,3.02690582959641,77.914798206278,7.73542600896861,NA,81.3333333333333,1998,610,4.1,525,36.7619047619048,4.82758620689655,56.6744730679157
"153","42101014900",973,4140,5.65217391304348,79.8309178743961,1.66666666666667,37431,55.0792171481827,1963,2468,4.8,2146,44.2218080149115,9.82846546128883,66.4128595600677
"154","42101015101",1224,2525,9.66336633663366,86.8118811881188,1.5049504950495,48019,57.1575695159629,1964,1214,5.6,971,63.3367662203913,6.63265306122449,51.8918918918919
"155","42101015102",644,4917,1.38295708765507,87.4110229814928,0.589790522676429,22720,69.6506550218341,1945,2282,5,1832,65.2292576419214,5.68475452196382,44.5141065830721
"156","42101015200",961,8327,3.83091149273448,83.3673591929867,7.93803290500781,42256,68.3468603161042,1973,2669,5.4,2341,68.5177274668945,8.82352941176471,70.3125
"157","42101015300",872,5620,39.270462633452,45.8896797153025,6.88612099644128,30915,81.3167259786477,1991,2212,5.3,1686,22.8351126927639,6.34680770683793,55.5069292487236
"158","42101015600",1150,1681,48.8994646044021,15.2885187388459,1.18976799524093,64125,53.0421216848674,1938,800,5,641,42.7457098283931,14.1732283464567,66.7647058823529
"159","42101015700",1799,2664,57.7327327327327,13.4009009009009,6.04354354354354,88125,40.3636363636364,1953,1554,4.9,1375,33.0181818181818,8.59678313921242,48.8288288288288
"160","42101015800",1859,6976,79.5154816513761,3.21100917431193,2.79529816513761,116629,42.2012769838857,1938,3401,5,3289,39.7689267254485,2.44762497407177,40.2017291066282
"161","42101016001",1765,2496,95.5128205128205,3.76602564102564,0,111170,19.2241379310345,1938,1233,5.8,1160,50.4310344827586,8.40286054827175,11.2107623318386
"162","42101016002",1545,4388,80.1731996353692,3.21330902461258,1.52689152233364,110681,32.7795240233498,1943,2424,5.8,2227,49.1243825774585,2.08459214501511,32.6027397260274
"163","42101016100",1668,6659,53.1311007658808,7.22330680282325,13.6657155729088,102324,58.0106809078772,1975,3341,4.9,2996,42.0894526034713,8.81789137380192,33.716915995397
"164","42101016200",966,2246,15.1825467497774,13.0008904719501,5.74354407836153,39009,52.0051746442432,1953,898,5.6,773,54.4631306597671,6.06060606060606,51.2437810945274
"165","42101016300",885,2530,15.6521739130435,8.77470355731225,0.671936758893281,39872,47.9421579532814,1961,1084,5.7,899,64.0711902113459,15.2081563296517,61.9489559164733
"166","42101016400",736,4128,4.96608527131783,20.8091085271318,3.29457364341085,24497,69.6179502728927,1965,1876,5.2,1649,59.0054578532444,23.9043824701195,36.2369337979094
"167","42101016500",1113,2165,7.29792147806005,80.1385681293303,2.03233256351039,NA,63.3946830265849,1955,1321,5.6,978,40.5930470347648,8.52211434735707,58.3870967741936
"168","42101016600",1266,1943,16.0061760164694,62.5321667524447,16.932578486876,57778,68.0051813471503,1965,931,5.6,772,43.0051813471503,11.8371212121212,46.2857142857143
"169","42101016701",1106,2990,3.54515050167224,89.2642140468227,0,52656,31.7241379310345,1949,1864,5.9,1305,61.1494252873563,2.89079229122056,37.1980676328502
"170","42101016702",1219,2749,2.43724990905784,89.2688250272826,1.30956711531466,34063,50.103305785124,1951,1242,5.9,968,57.5413223140496,7.93969849246231,54.639175257732
"171","42101016800",919,3168,3.88257575757576,92.6767676767677,0.252525252525253,27100,37.018544935806,1938,1739,6.1,1402,51.2125534950071,7.96116504854369,45.2793834296724
"172","42101016901",769,3319,1.08466405543839,92.2265742693582,1.17505272672492,38958,42.246835443038,1938,1572,5.9,1264,66.2183544303797,5.60432140445645,52.247191011236
"173","42101016902",1107,3919,0,89.895381474866,0,22422,51.5904572564612,1947,2518,5.9,2012,43.1411530815109,27.0249810749432,59.4412331406551
"174","42101017000",1366,2961,18.9463019250253,70.1789935832489,3.3096926713948,36677,80.6142034548944,1990,1812,4,1563,29.8784388995521,11.751497005988,28.4126984126984
"175","42101017100",1367,3494,5.32341156267888,86.1190612478535,2.66170578133944,27300,42.7966101694915,1938,1970,5.6,1652,43.6440677966102,0.391134289439374,47.8076379066478
"176","42101017201",1397,2828,0.813295615275813,89.95756718529,0.636492220650636,26313,39.6782841823056,1957,1777,5.8,1492,38.8739946380697,7.07317073170732,71.4527027027027
"177","42101017202",1214,4410,0.884353741496599,97.3696145124717,1.04308390022676,48229,41.8367346938776,1947,2004,5.8,1666,55.5222088835534,12.4111536358666,48.9239598278336
"178","42101017300",1139,2704,4.80769230769231,80.9171597633136,0.0369822485207101,26875,56.697247706422,1957,1273,5.8,1090,51.2844036697248,14.8199445983379,49.5145631067961
"179","42101017400",860,2567,1.16867939228672,87.3393065835606,0.350603817686015,35528,51.0599078341014,1947,1186,5.7,1085,64.9769585253456,10.2115915363385,46.028880866426
"180","42101017500",929,7566,13.2170235263019,23.1562252180809,0,30823,47.2713586751976,1938,2930,6,2657,67.7832141512985,29.9242424242424,47.0541401273885
"181","42101017601",988,4672,24.5291095890411,5.75770547945205,0,27006,62.0515695067265,1938,2104,5.3,1784,74.6076233183856,24.6960972488804,60.5239385727191
"182","42101017602",1102,3885,2.77992277992278,23.2175032175032,7.9021879021879,32523,63.2603406326034,1938,1414,5.4,1233,67.9643146796432,23.0191826522102,64.7435897435897
"183","42101017701",1237,3102,9.25209542230819,30.3675048355899,0,37917,66.5120593692022,1938,1343,5.7,1078,76.530612244898,28.8461538461538,62.4825662482566
"184","42101017702",1137,4488,15.7085561497326,19.8306595365419,2.85204991087344,29551,50.2567394094994,1938,1924,5.4,1558,73.6200256739409,19.3615544760583,83.1417624521073
"185","42101017800",967,6899,19.6115379040441,29.4680388462096,0,42104,50.9574468085106,1938,3184,6,2820,49.6808510638298,33.7652987760979,42.4495476687543
"186","42101017900",1531,5700,45.1578947368421,9.64912280701754,2.87719298245614,53343,47.7611940298507,1938,2926,5.7,2546,63.9041633935585,11.2307692307692,47.7796052631579
"187","42101018001",1015,2227,86.9330938482263,1.84104176021554,0.0449034575662326,59221,30.0275482093664,1938,1161,5.6,1089,42.6997245179063,13.4697357203751,30.5810397553517
"188","42101018002",1248,5045,68.0872150644202,1.52626362735382,0.951437066402379,70579,23.1130063965885,1942,2573,5.7,2345,61.4498933901919,2.54802038416307,30.6273062730627
"189","42101018300",1212,3830,91.2793733681462,0.130548302872063,0.626631853785901,77011,7.84061696658098,1938,1752,6.2,1556,68.9588688946015,4.36170212765957,34.4262295081967
"190","42101018400",1456,2273,92.3889133304004,0.043994720633524,0.43994720633524,73478,10.6575963718821,1954,889,6,882,64.3990929705215,6.57142857142857,54.2553191489362
"191","42101018801",1256,3412,16.5298944900352,6.18405627198124,0,22349,69.3989071038251,1938,1480,5.4,1098,49.8178506375228,13.037037037037,81.496062992126
"192","42101018802",1473,4273,17.1308214369296,44.48864966066,0,47529,78.4545454545455,1938,1475,6,1100,81.2727272727273,3.04772857964347,73.0011587485516
"193","42101019000",972,7513,17.0637561559963,17.9954745108479,3.11460135764675,36857,44.7322970639033,1938,2485,5.8,2316,75.1727115716753,3.80458279290964,78.8610038610039
"194","42101019100",1199,8741,17.9270106395149,10.673835945544,5.56000457613545,50238,14.665211062591,1938,2802,5.9,2748,71.17903930131,21.482602118003,46.8982630272953
"195","42101019200",996,8145,14.2418661755678,21.3136893799877,1.84162062615101,13721,47.7839851024209,1949,2989,5.4,2685,72.9981378026071,18.6915887850467,67.2642244738893
"196","42101019501",1145,4720,9.02542372881356,12.8601694915254,0,25590,63.7940094587493,1938,2062,5.6,1903,69.4692590646348,8.37662337662338,62.3558484349259
"197","42101019502",1070,3758,8.56838744012773,10.5109100585418,0.851516764236296,28291,44.0298507462687,1938,1263,5.6,1206,67.5787728026534,24.601593625498,63.8418079096045
"198","42101019700",1182,6588,12.5986642380085,13.7978142076503,3.27868852459016,32063,42.7188940092166,1938,2333,5.9,2170,75.7603686635945,12.6115166261152,75.9439050701187
"199","42101019800",978,6014,7.76521449950116,28.1343531759228,3.20917858330562,36502,31.2352106010412,1938,2370,6,2113,77.1888310459063,11.0728346456693,49.6969696969697
"200","42101019900",994,5256,5.34627092846271,60.958904109589,0,28803,60.6044815007817,1938,2041,5.4,1919,68.7858259510162,25.7531584062196,53.9122957867584
"201","42101020000",873,1475,15.1864406779661,44,12.8813559322034,18510,69.6498054474708,1944,688,4.7,514,60.7003891050584,17.5084175084175,60.3351955307263
"202","42101020101",921,3716,11.6523143164693,79.4940796555436,1.50699677072121,28559,73.3657482441923,1955,2319,4.4,1851,42.247433819557,5.23513753327418,63.9911634756996
"203","42101020102",1250,3773,2.5974025974026,92.1017757752452,1.27219719056454,33947,44.8069241011984,1938,1693,6.4,1502,55.4593874833555,11.9318181818182,59.8811292719168
"204","42101020200",934,4121,4.17374423683572,93.6423198252851,0,35000,41.5399239543726,1938,2391,6.6,2104,47.861216730038,5.79150579150579,60.8695652173913
"205","42101020300",857,2807,2.52939080869255,92.5899536872105,1.17563234770217,49115,46.4221824686941,1938,1405,5.9,1118,54.3828264758497,8.92480674631061,43.5452793834297
"206","42101020400",1384,3695,2.05683355886333,94.1542625169148,0,46037,23.8783269961977,1938,1417,6.2,1315,53.8403041825095,10.1294744859101,76.1146496815287
"207","42101020500",1265,3383,2.71947975169967,85.0428613656518,2.48300325155188,NA,65.3638003607937,1975,1757,5.1,1663,54.4798556825015,2.97366185216653,30.4507819687213
"208","42101020600",1506,2039,50.2697400686611,30.2108876900441,5.78715056400196,65580,74.7317073170732,1958,1102,3.4,1025,31.4146341463415,9.51683748169839,46.0835509138381
"209","42101020701",1683,4172,77.5886864813039,7.19079578139981,3.71524448705657,115402,46.3835744283714,1963,2201,5.7,2143,50.5832944470369,9.98137802607076,26.8611670020121
"210","42101020702",1200,2254,71.5173025732032,9.05057675244011,7.54214729370009,192727,37.9120879120879,1974,780,4.9,728,64.9725274725275,8.9126559714795,38.768115942029
"211","42101020800",1886,2629,45.9870673259795,34.7660707493343,7.22708254089007,71701,63.9161755075311,1938,1621,3.8,1527,27.2429600523903,2.27450980392157,37.5
"212","42101020900",1683,3176,77.5503778337531,8.69017632241814,5.88790931989924,125064,50.9845288326301,1950,1567,5.6,1422,39.3811533052039,2.84713096802453,20.6896551724138
"213","42101021000",1515,4624,84.6453287197232,8.56401384083045,3.15743944636678,88924,51.3086989992302,1941,2819,5.6,2598,29.2147806004619,12.1175401393517,34.8087021755439
"214","42101021100",1640,2577,73.8067520372526,4.30733410942957,5.70430733410943,92610,31.5452361889512,1955,1305,5.4,1249,48.6789431545236,4.93589743589744,22.3350253807107
"215","42101021200",1471,2761,83.2669322709163,8.22165881926838,1.01412531691416,109861,33.2247557003257,1965,1282,6.2,1228,60.6677524429967,4.97297297297297,45.343137254902
"216","42101021300",1138,3241,89.2317186053687,2.74606602900339,2.28324591175563,98196,46.6869300911854,1938,1713,5.4,1645,43.951367781155,4.60588793922127,32.8125
"217","42101021400",1680,3482,82.2515795519816,9.70706490522688,1.69442848937392,82297,60.0794438927507,1954,2286,4.6,2014,29.2452830188679,11.9279819954989,36.6115702479339
"218","42101021500",1614,3963,70.6030784759021,15.9222811001766,4.06257885440323,121667,34.3127962085308,1982,2110,5.4,2110,40.0473933649289,2.67558528428094,14.7790055248619
"219","42101021600",1690,2436,72.824302134647,5.25451559934319,2.70935960591133,101075,68.3184402924452,2002,1262,3.9,1231,37.3679935012185,11.6851168511685,38.8822829964328
"220","42101021700",1665,5679,76.0521218524388,15.9006867406233,0.246522275048424,86222,29.654157468727,1969,2847,6.4,2718,50.0735835172921,5.39836187639613,6.69975186104218
"221","42101021800",1558,4726,57.7655522640711,28.1845112145578,2.07363520947948,70354,71.3091922005571,1969,2660,4,2513,44.9661758853959,8.93309222423146,57.1986607142857
"222","42101021900",2067,1568,80.8035714285714,8.73724489795918,1.08418367346939,78542,9.41704035874439,1957,709,5.7,669,52.7653213751868,1.38713745271122,6.34920634920635
"223","42101022000",2313,1459,74.7772446881426,8.77313228238519,7.95065113091158,94750,42.7828348504551,1982,843,5.9,769,47.334200260078,7.05679862306368,44.9848024316109
"224","42101023100",1920,1414,87.7652050919378,1.2022630834512,3.18246110325318,179911,30.7964601769912,1938,584,6.6,565,74.5132743362832,11.9109947643979,15.5172413793103
"225","42101023500",1570,1049,58.9132507149666,29.7426120114395,3.24118207816969,94904,43.963963963964,1944,619,6.3,555,54.4144144144144,4.75285171102662,38.9344262295082
"226","42101023600",1488,2559,50.3321610003908,39.1168425166081,0,105491,33.9622641509434,1960,1266,6.4,1166,56.8610634648371,2.16450216450216,70.959595959596
"227","42101023700",1252,4796,32.9649708090075,60.0500417014178,0.667222685571309,68676,57.5566750629723,1938,2538,4.9,2382,38.8329135180521,4.50759431651151,34.1356673960613
"228","42101023800",1207,6060,29.2739273927393,56.3696369636964,0.462046204620462,66691,63.254817987152,1938,2610,4.3,2335,50.7066381156317,6.86095931997571,70.209884901828
"229","42101023900",1500,1812,29.3046357615894,46.4128035320088,10.7064017660044,45294,92.6621160409556,1973,1296,3,1172,17.9180887372014,4.11099691675231,47.2375690607735
"230","42101024000",1098,3934,28.7239450940519,55.7193695983732,5.36349771225216,63795,72.1842225262198,1949,2297,3.6,2193,36.4797081623347,6.13636363636364,38.9766266582438
"231","42101024100",884,1480,19.9324324324324,67.7027027027027,0,18646,81.7056396148556,1946,732,3.4,727,26.1348005502063,13.1944444444444,67.8451178451178
"232","42101024200",740,4743,23.6980813830909,68.3955302551128,1.03310141260805,46144,57.6623376623377,1963,2062,5.3,1925,49.4025974025974,14.4124168514412,49.0990990990991
"233","42101024300",1198,4127,20.5233826023746,71.5289556578629,2.71383571601648,56364,53.1870428422153,1943,2079,5.3,1914,47.7011494252874,5.77819198508854,58.3497053045187
"234","42101024400",967,2926,11.0731373889269,82.9118250170882,0,53333,49.5840266222962,1945,1432,6.1,1202,51.9966722129784,0.0806451612903226,69.2953020134228
"235","42101024500",779,4914,7.36670736670737,89.031339031339,0.56980056980057,21117,61.3015688553167,1943,1906,5.6,1721,56.8855316676351,16.4923076923077,56.1137440758294
"236","42101024600",913,2426,16.1170651277824,78.4006595218467,0,53414,59.0983606557377,1938,1377,5,1220,41.4754098360656,2.92096219931271,26.4909847434119
"237","42101024700",1057,4655,7.6906552094522,90.0107411385607,0,47849,51.6611295681063,1938,1993,5.8,1806,59.5791805094131,6.64723032069971,73.8478027867095
"238","42101024800",NA,2113,1.84571699006152,95.7879791765263,0,50385,30.352644836272,1938,880,6.2,794,65.9949622166247,2.87081339712919,65.9751037344398
"239","42101024900",1323,3116,1.02695763799743,95.1219512195122,0,24904,40.9090909090909,1950,1382,6,1078,57.7922077922078,7.04727921498662,60.5442176870748
"240","42101025200",879,8425,10.7537091988131,84.2017804154303,0.106824925816024,30596,57.6084029086992,1938,3850,5.2,3713,46.1352006463776,1.41134205799333,62.2253389434315
"241","42101025300",1184,4747,11.1649462818622,84.6008005055825,0.99009900990099,55988,38.2671480144404,1947,2366,5.7,2216,63.673285198556,0.817757009345794,53.3018867924528
"242","42101025400",1142,3829,14.3118307652129,82.1885609819796,0.861843823452599,68287,44.258872651357,1938,2093,5.9,1916,50.1043841336117,4.42105263157895,49.8820754716981
"243","42101025500",1445,2765,52.1157323688969,40.1084990958409,1.04882459312839,78798,25.9010896898575,1943,1257,6.9,1193,67.476948868399,10.377358490566,45.6310679611651
"244","42101025600",1571,2758,56.562726613488,30.0217548948513,3.40826686004351,87788,34.4939271255061,1960,1260,6.5,1235,56.8421052631579,1.98630136986301,30.0469483568075
"245","42101025700",1737,3525,47.7446808510638,40.7659574468085,4.59574468085106,63542,71.504854368932,1967,2218,4.4,2060,36.504854368932,0.854244527495996,60.4887983706721
"246","42101025800",1520,1746,5.49828178694158,78.2359679266896,0.0572737686139748,50813,19.7199533255543,1960,906,6.8,857,47.1411901983664,12.630014858841,55.6213017751479
"247","42101025900",1325,4453,2.87446665169549,94.2735234673254,1.21266561868403,53713,20.7798383262007,1953,2151,6.1,2103,60.6752258678079,11.3890129522108,76.2013729977117
"248","42101026000",1423,3015,1.35986733001658,94.4278606965174,0,64868,28.4546805349183,1952,1346,6.2,1346,63.6701337295691,0.21978021978022,79.8955613577023
"249","42101026100",1125,3068,4.30247718383312,93.155149934811,0,56546,36.9853454291696,1958,1522,5.3,1433,40.0558269364969,0.186219739292365,49.622641509434
"250","42101026200",1261,4100,1.39024390243902,93.0975609756098,0.707317073170732,59954,18.0730101735488,1958,1830,6.2,1671,64.8114901256732,2.96803652968037,52.317880794702
"251","42101026301",1351,4180,2.20095693779904,89.688995215311,0,67379,8.22669104204753,1958,1747,6.4,1641,69.9573430834857,6.46242221158449,88.8888888888889
"252","42101026302",1164,4703,2.95556028067191,92.8981501169466,0,77160,29.0582110743019,1947,2216,6,2113,61.3345953620445,10.234375,22.4755700325733
"253","42101026400",1291,5474,0.365363536719035,99.2692729265619,0.365363536719035,63867,30.5735230702889,1944,2501,5.9,2319,54.2475204829668,10.518679724338,25.8110014104372
"254","42101026500",1522,5001,4.13917216556689,91.3217356528694,0.339932013597281,46806,21.1444141689373,1956,1878,5.9,1835,59.8365122615804,5.84474885844749,85.8247422680412
"255","42101026600",1328,6989,2.26069537845185,89.4405494348262,0,52267,23.9957716701903,1942,2913,6.2,2838,65.3276955602537,3.65598885793872,54.3318649045521
"256","42101026700",1131,7067,0.0566011037215226,93.6465261072591,0,51021,25.6857855361596,1948,2957,6.1,2807,67.1179194869968,8.12898891501512,40.3606102635229
"257","42101026800",1100,4412,13.3272892112421,75.2266545784225,1.17860380779692,41330,71.2958867757629,1957,2418,4.6,2261,36.7536488279522,9.29741151611199,50.1240694789082
"258","42101026900",1002,2385,20.461215932914,69.853249475891,3.39622641509434,69769,38.5943279901356,1938,853,7.4,811,52.6510480887793,2.09125475285171,53.3546325878594
"259","42101027000",1234,2708,13.4785819793205,77.4741506646972,3.397341211226,95619,32.5865580448065,1961,1031,5.8,982,63.6456211812627,8.46805234795997,35
"260","42101027100",1136,2638,5.95147839272176,69.4465504169826,15.6178923426839,60255,26.1158594491928,1962,1086,5.8,1053,48.4330484330484,3.2171581769437,40
"261","42101027200",1436,4439,4.10002252759631,78.3735075467448,1.73462491552151,64102,34.049240440021,1967,2094,5.8,1909,61.6553169198533,10.4807692307692,57.3846153846154
"262","42101027300",1323,5505,10.4450499545867,47.0299727520436,24.6503178928247,42423,36.8443138900546,1951,2383,5.8,2383,65.925304238355,5.09259259259259,63.2118451025057
"263","42101027401",962,3283,4.5994517209869,46.0554371002132,35.1203167834298,49869,51.7998244073749,1938,1233,5.8,1139,74.5390693590869,7.53803596127248,34.2372881355932
"264","42101027402",1078,6457,9.58649527644417,55.0100665943937,16.6176242837231,71551,10.3857566765579,1957,2491,6.2,2359,64.137346333192,8.46560846560847,56.734693877551
"265","42101027500",1221,4532,8.62753751103266,66.4165931156222,5.38393645189762,61875,28.5629099582588,1938,1833,6.1,1677,77.9964221824687,19.5774040534713,39.0396659707724
"266","42101027600",1089,4025,3.1055900621118,78.5093167701863,2.60869565217391,65282,47.2324723247232,1938,2059,5.7,1897,54.5598313125988,1.45246478873239,49.1071428571429
"267","42101027700",NA,5489,1.91291674257606,91.4009837857533,2.47768263800328,NA,36.8055555555556,1957,2804,5.6,2448,52.328431372549,0.78125,65.5937846836848
"268","42101027800",803,5271,2.42838171125024,92.9994308480364,0.037943464238285,33655,66.858152894388,1938,2328,4.9,2263,50.9500662836942,10.2389078498294,47.5875743555849
"269","42101027901",1171,3241,0.0925640234495526,97.5933353903116,0,36135,46.2626262626263,1954,1671,6.2,1485,54.7474747474747,1.41843971631206,64.3377001455604
"270","42101027902",1077,4968,30.1529790660225,59.4806763285024,2.31481481481481,44509,65.6274980015987,1959,1281,5.8,1251,50.599520383693,9.48352626892253,63.0937880633374
"271","42101028000",792,4165,0.600240096038415,95.4141656662665,0,36463,30.5209513023783,1978,1940,5.9,1766,50.5096262740657,10.2941176470588,93.8775510204082
"272","42101028100",999,3187,10.0721681832444,86.3508001255099,0,55313,22.1843003412969,1952,1931,6,1758,49.3742889647326,6.98101653398653,71.025641025641
"273","42101028200",1172,5131,3.39115182225687,87.195478464237,7.63983628922237,34420,52.8109028960818,1965,2386,5.7,2348,52.8534923339012,16.2422184493492,72.3387096774194
"274","42101028300",1015,6266,10.6287902968401,74.8324289818066,4.03766358123205,37300,49.9415204678363,1938,2989,6.2,2565,44.4444444444444,6.96969696969697,60.1092896174863
"275","42101028400",1131,3336,6.71462829736211,73.8908872901679,1.19904076738609,28236,37.3205741626794,1942,1498,6.5,1463,61.1756664388243,15.8909574468085,41.5750915750916
"276","42101028500",1065,2625,1.79047619047619,44.2285714285714,11.847619047619,NA,39.5004625346901,1964,1182,6.3,1081,40.9805735430157,13.5815991237678,56.440281030445
"277","42101028600",1325,7170,4.72803347280335,36.4435146443515,9.34449093444909,60892,31.0769230769231,1943,2714,6,2600,69.4230769230769,7.54242614707731,50.7425742574257
"278","42101028700",1271,2345,14.456289978678,24.3070362473348,2.64392324093817,26707,51.984126984127,1941,878,5.9,756,67.3280423280423,5.35491905354919,81.4249363867685
"279","42101028800",1155,4577,17.2602141140485,31.3305658728425,10.2250382346515,57996,28.6056253740275,1938,1719,5.9,1671,53.44105326152,10.0191754554171,55.8577405857741
"280","42101028901",1184,3707,21.850553007823,9.27974103048287,7.58025357431886,39087,29.6013570822731,1938,1280,5.6,1179,80.4919423240034,13.689936536718,57.8796561604585
"281","42101028902",991,5761,20.3610484290922,44.6103107099462,10.7099461898976,38775,31.6165221825599,1941,2138,5.6,1961,76.4405915349312,8.14332247557003,42.258064516129
"282","42101029000",1166,7726,8.47786694279058,32.6559668651307,21.6412114936578,40870,24.1280458671763,1951,2208,5.8,2093,65.6473960821787,13.0344108446298,64.1584158415842
"283","42101029100",NA,3994,9.16374561842764,31.0716074111167,35.2028042063095,26290,57.3405535499398,1953,1811,5.3,1662,82.2503008423586,9.3980343980344,73.2423924449108
"284","42101029200",1107,3980,24.8241206030151,35,5.07537688442211,77816,12.2909090909091,1955,1534,6.4,1375,67.8545454545455,7.60725342768686,34.9112426035503
"285","42101029300",1121,3032,38.7532981530343,28.957783641161,0,34076,42.426645519429,1938,1423,5.7,1261,65.2656621728787,15.3218495013599,61.4953271028037
"286","42101029400",883,3508,21.9498289623717,35.7468643101482,2.16647662485747,33661,56.5436241610738,1938,1311,5.5,1192,62.4161073825503,7.1969696969697,75.6676557863502
"287","42101029800",1154,5041,26.3638167030351,30.8470541559214,6.1098988295973,47292,49.4675186368477,1954,2112,5.6,1878,69.3823216187433,17.1875,77.6103336921421
"288","42101029900",1260,4167,9.79121670266379,49.4360451163907,1.70386369090473,34487,54.041095890411,1947,1634,5.2,1460,63.5616438356164,11.1829347123465,57.9214195183777
"289","42101030000",983,7727,17.45826323282,58.3279409861525,0.427073896725767,33419,41.8274481252275,1945,3074,5.8,2747,63.8514743356389,14.2752562225476,61.0095735422106
"290","42101030100",749,6446,11.7592305305616,52.4045919950357,6.03475023270245,NA,45.5336866010598,1938,2856,4.4,2642,47.7289931869796,5.0031867431485,47.9634247714048
"291","42101030200",1091,7669,21.4369539705307,40.852783935324,5.90689790063894,60625,38.6609907120743,1949,2951,6.2,2584,63.7770897832817,2.65940403716757,57.6576576576577
"292","42101030501",1380,4977,6.85151697809926,56.5601768133414,4.15913200723327,50240,38.5915492957746,1951,1891,6.1,1775,70.7605633802817,9.10931174089069,48.3211678832117
"293","42101030502",1683,6775,10.9815498154982,34.4944649446494,5.28413284132841,50245,16.9557918298825,1950,1951,6.2,1787,81.9250139899273,6.96557245796637,97.029702970297
"294","42101030600",1222,6982,41.4494414207963,30.8794041821828,5.19908335720424,44108,37.1895202449813,1961,2981,5.7,2939,59.7482136781218,5.90298071303331,52.516010978957
"295","42101030700",1194,4256,24.4360902255639,44.3843984962406,5.16917293233083,58623,71.3246753246753,1976,2053,4.1,1925,48.8831168831169,11.5583897967318,37.3634377276038
"296","42101030800",1249,4677,38.7214026085097,23.1772503741715,18.5161428265982,59281,17.9240235420011,1956,2011,6.2,1869,65.2755484216158,13.4509371554576,14.6268656716418
"297","42101030900",1487,4526,19.8409191338931,50.2651347768449,10.1414052143173,56782,50.7741935483871,1961,1624,5.6,1550,70.0645161290323,7.33333333333333,38.6277001270648
"298","42101031000",1630,7588,32.8413284132841,20.0448075909331,22.0875065893516,68652,37.4537037037037,1955,2403,6.4,2160,82.5462962962963,7.66012230447377,35.1050679851669
"299","42101031101",1291,4498,21.1427301022677,30.3023566029346,14.8955091151623,51460,57.7790630422209,1949,1875,6.1,1729,65.4713707345286,8.96713615023474,35.6356356356356
"300","42101031102",1287,4900,13.1836734693878,55.0408163265306,5.14285714285714,62411,42.8774928774929,1960,1490,6,1404,74.5726495726496,5.0408719346049,60.2990033222591
"301","42101031200",1207,4884,12.1621621621622,72.5839475839476,5.999180999181,52211,51.8518518518519,1954,1928,5.9,1836,57.4074074074074,2.66998932004272,31.0924369747899
"302","42101031300",1383,6773,21.2313598110143,26.4875239923225,20.832718145578,63241,46.7254408060453,1956,2521,6.2,2382,73.5936188077246,11.1042944785276,63.5220125786164
"303","42101031401",1738,7507,39.1501265485547,11.9355268416145,15.771946183562,56818,57.4557315936626,1953,2282,6,2146,83.4109972041007,12.7260981912145,54.8256285482563
"304","42101031402",1594,6071,16.3564486904958,14.7422170976775,33.0917476527755,61318,43.4657455382844,1957,1835,5.8,1737,72.6540011514105,1.42362447095037,61.4569536423841
"305","42101031501",1648,7498,41.7444651907175,0.946919178447586,26.9138436916511,59738,44.8275862068966,1958,2589,5.9,2378,77.8805719091674,3.90804597701149,55.2532833020638
"306","42101031502",1560,3597,45.8159577425632,7.25604670558799,31.3872671670837,45282,45.7767722473605,1970,1365,5.5,1326,65.4600301659125,5.34550195567145,64.9093904448105
"307","42101031600",1536,6034,35.2171030825323,13.6725223732184,36.9572422936692,42176,35.3398058252427,1948,2254,6.8,2060,77.1359223300971,6.51639344262295,28.1593406593407
"308","42101031700",1411,5874,30.7456588355465,14.7259107933265,12.27442969016,36880,26.7422334172964,1958,2621,6.4,2382,58.0604534005038,6.29059829059829,59.4976452119309
"309","42101031800",1129,3778,27.7395447326628,34.1185812599259,9.21122286924299,65556,33.5981838819523,1954,1893,5.6,1762,54.483541430193,13.4941912421805,9.62837837837838
"310","42101031900",1284,5485,31.2123974475843,42.260711030082,1.27620783956244,45846,44.3073471676949,1952,1937,5.9,1783,75.7711721817162,8.51441241685144,81.5189873417721
"311","42101032000",1560,7695,53.0604288499025,11.3840155945419,0.610786224821313,60957,29.9800399201597,1956,2650,6.1,2505,74.251497005988,5.56100752371606,78.4287616511318
"312","42101032100",1349,3686,39.7721106890939,20.5371676614216,0.895279435702659,50409,53.2228360957643,1955,1755,5.1,1629,50.0306936771025,3.08346624136098,58.477508650519
"313","42101032300",904,3736,37.3929336188437,28.2655246252677,3.88115631691649,40300,53.5853976531943,1956,1641,5.1,1534,59.2568448500652,5.27397260273973,74.5742092457421
"314","42101032500",1016,5617,49.7240519850454,17.4292326864874,9.02617055367634,52342,42.2120961060481,1942,2739,5.8,2414,48.7158243579122,8.54810996563574,46.5161923454367
"315","42101032600",1120,7249,53.7591391916126,23.1756104290247,7.53207338943302,80283,20.0475705062861,1956,3079,6.4,2943,63.302752293578,5.35849056603774,57.2881355932203
"316","42101032900",1139,3636,42.6292629262926,28.960396039604,8.63586358635864,57571,35.90692755156,1964,2078,4.6,1891,46.2189317821259,11.2436115843271,45.2135493372607
"317","42101033000",1593,10406,34.7395733230828,24.5627522583125,4.33403805496829,65749,53.8745387453875,1954,3284,6.2,3252,76.3837638376384,10.9663409337676,39.2694063926941
"318","42101033101",1348,5270,46.0721062618596,21.3472485768501,13.8330170777989,60333,23.5527809307605,1949,1888,6.1,1762,68.7287173666288,15.2036199095023,64.3373493975904
"319","42101033102",1087,3711,66.9091888978712,7.97628671517111,4.7696038803557,61373,48.8693467336683,1960,1679,5.8,1592,58.3542713567839,12.0376175548589,41.9023136246787
"320","42101033200",1983,2852,42.601683029453,1.50771388499299,46.2131837307153,71691,20.9117938553023,1962,1120,6.2,1009,63.1318136769078,10.7703281027104,66.824644549763
"321","42101033300",1161,3988,58.2748244734203,15.8475426278837,9.2778335005015,55389,51.400730816078,1967,1825,5.2,1642,52.9232643118149,7.47720364741641,39.0995260663507
"322","42101033400",1253,5610,52.2103386809269,20.0713012477718,15.7219251336898,55102,48.2481060606061,1963,2175,5,2112,62.7840909090909,7.02928870292887,59.5682041216879
"323","42101033500",1152,4053,33.7527757216876,24.1549469528744,18.8502343942758,47289,50.065274151436,1965,1561,4.9,1532,55.6135770234987,6.5,57.3663624511082
"324","42101033600",1133,6919,51.1201040612805,7.09640121404827,23.905188611071,46191,47.2904483430799,1961,2796,5,2565,68.8499025341131,8.18126520681265,54.2456718878813
"325","42101033701",1153,6362,44.9072618673373,27.5070732474065,17.9031751021691,48682,69.1714053614947,1960,2518,4.5,2462,63.7692932575142,4.9860529986053,39.6946564885496
"326","42101033702",1168,4713,57.1186081052408,12.3912582219393,18.586887332909,67557,36.0132158590308,1963,1833,6,1816,70.8700440528634,2.73618998451213,26.1467889908257
"327","42101033800",1096,6431,66.5837350334318,10.527134193749,7.72819157207277,67683,41.376582278481,1975,2637,5.7,2528,67.4841772151899,3.52807283763278,38.3365200764818
"328","42101033900",966,3178,52.9263687853996,35.3996224040277,0.755191944619257,58660,47.9641131815045,1955,1584,4.6,1449,44.7895100069013,8.05687203791469,59.136690647482
"329","42101034000",1190,3366,64.4682115270351,14.8841354723708,11.437908496732,104488,10.1317957166392,1964,1222,6.3,1214,76.6886326194399,6.21562156215622,62.6016260162602
"330","42101034100",1136,5708,73.02032235459,4.13454800280308,11.510161177295,72275,45.1495258935084,1969,2811,5.2,2742,64.0043763676149,7.24213606437454,38.529886914378
"331","42101034200",1405,3522,71.8341851220897,17.5184554230551,5.16751845542306,66692,60.6265356265356,1974,1819,4.4,1628,59.2137592137592,3.88127853881279,44.2755825734549
"332","42101034400",1458,7951,74.6321217456924,2.38963652370771,16.0105647088417,118397,8.33333333333333,1971,3085,7.1,3012,75.1660026560425,9.05587668593449,88.8446215139442
"333","42101034501",1168,4850,54.9690721649485,17.0515463917526,19.4845360824742,47142,86.4993509303332,1979,2394,3.8,2311,46.9926438771095,2.75049115913556,48.3741870935468
"334","42101034502",1310,5197,45.237637098326,24.956705791803,21.1275736001539,66557,58.1328984916429,1973,2499,4.4,2453,53.6078271504281,5.38403614457831,38.0785413744741
"335","42101034600",1391,3141,36.230499840815,38.2043935052531,10.5380452085323,63115,72.3600283486889,1966,1491,4,1411,50.24805102764,6.01736972704715,51.4201762977473
"336","42101034701",1369,7822,54.8580925594477,18.077218102787,12.6566095627717,77800,32.1937321937322,1970,2808,5.9,2808,65.02849002849,2.69251480883145,48.3407079646018
"337","42101034702",1263,3329,78.431961550015,13.3673775908681,2.58335836587564,85298,5.73476702508961,1970,1395,7,1395,73.4767025089606,6.80851063829787,72.5
"338","42101034801",629,4551,78.8398154251813,7.00944847286311,6.48209184794551,64608,52.4846190250828,1953,2122,5.9,2113,63.7482252721249,1.54277699859748,16.8620378719567
"339","42101034802",1181,5663,63.0407911001236,23.3268585555359,0.476779092353876,56032,50,1972,2561,5.9,2470,59.1902834008097,8.29268292682927,76.4372469635628
"340","42101034803",1315,3617,81.2551838540227,2.59883881669892,3.81531656068565,78224,19.7802197802198,1975,1683,6.1,1547,66.2572721396251,2.7073732718894,57.843137254902
"341","42101034900",1119,5486,37.7506379876048,32.9566168428728,8.07510025519504,54689,38.682745825603,1971,2212,5.9,2156,65.3988868274583,10.650623885918,58.1534772182254
"342","42101035100",1615,3873,75.0322747224374,11.4898011877098,4.62174025303382,66523,30.8574048601559,1977,2327,5,2181,43.191196698762,5.5452865064695,60.6240713224368
"343","42101035200",1346,4522,88.8987173816895,3.49402919062362,5.88235294117647,88663,15.4353562005277,1972,2274,6.5,2274,46.5699208443272,2.51371115173675,29.9145299145299
"344","42101035301",1526,5078,81.2918471839307,1.49665222528555,4.56872784560851,90970,32.5218190169959,1972,2190,6.6,2177,67.2485071198898,10.9652235628105,34.3220338983051
"345","42101035302",1320,4715,62.6299045599152,13.3616118769883,9.81972428419936,71232,38.2091212458287,1973,1924,5.3,1798,58.7875417130145,2.97910182303246,45.7059679767103
"346","42101035500",1193,7515,68.8888888888889,3.5395874916833,23.5129740518962,69439,26.4793388429752,1974,3153,5.6,3025,66.9421487603306,1.71319796954315,66.916354556804
"347","42101035601",1278,5279,66.3572646334533,3.6370524720591,18.7156658458041,61939,32.1923743500867,1974,2362,5,2308,55.632582322357,2.36686390532544,81.8304172274563
"348","42101035602",1575,3545,59.3511988716502,6.74188998589563,28.2933709449929,106480,11.9104716227018,1973,1251,6.9,1251,76.4988009592326,3.43137254901961,66.4429530201342
"349","42101035701",1214,4989,51.9142112647825,4.42974543996793,33.1128482661856,61399,68.4782608695652,1975,1973,4.1,1932,70.703933747412,7.50725839900456,52.7588813303099
"350","42101035702",1352,4644,70.3057708871662,0.645994832041344,18.733850129199,64919,58.7526205450734,1970,2036,4.1,1908,68.8155136268344,3.35507921714818,48.5280999107939
"351","42101035800",1250,5975,67.3807531380753,6.27615062761506,18.5271966527197,63375,28.7216148023549,1970,2393,5.4,2378,68.713204373423,4.7842802221273,61.9326500732064
"352","42101035900",777,4763,69.2630694940164,2.60340121771992,24.396388830569,48571,33.9872262773723,1966,2324,5.9,2192,65.2828467153285,4.37415881561238,66.8456375838926
"353","42101036000",1147,3339,50.6738544474394,20.4252770290506,21.6831386642707,63170,42.9936305732484,1976,1323,4.9,1256,64.3312101910828,7.80141843971631,60.3703703703704
"354","42101036100",1639,3935,68.5387547649301,16.7471410419314,2.87166454891995,105208,26.6753415744958,1970,1632,6.4,1537,64.9316851008458,7.55513843266072,26.8292682926829
"355","42101036201",1493,5287,85.4738036693777,1.77794590505012,3.29109135615661,93300,25.3822629969419,1966,2059,6.4,1962,61.1111111111111,3.22303394929093,41.1646586345381
"356","42101036202",1290,5359,89.6062698264602,5.39279716364993,1.06363127449151,95026,20.0171453064724,1962,2423,6.4,2333,55.0792970424346,11.2072355485647,52.6766595289079
"357","42101036203",979,4859,84.2766001234822,3.33401934554435,6.99732455237703,85733,11.1907386990077,1974,1882,7.1,1814,69.1289966923925,4.33651344319167,58.6206896551724
"358","42101036301",1219,3744,60.4967948717949,9.13461538461539,20.1923076923077,82596,21.8256691832533,1965,1558,7,1457,72.4090597117364,5.10910058541778,36.4779874213836
"359","42101036302",1452,3970,63.0730478589421,22.8211586901763,0.35264483627204,84528,35.4620586025545,1972,1331,5.7,1331,79.8647633358377,4.27599611273081,44.9152542372881
"360","42101036303",1270,6794,81.1451280541654,7.68324992640565,2.13423609066824,100857,6.80650684931507,1992,2492,7,2336,73.3304794520548,8.29850746268657,44.6540880503145
"361","42101036400",NA,1027,83.7390457643622,14.7030185004869,0.584225900681597,101094,9.66767371601208,NA,346,5.5,331,80.9667673716012,7.11111111111111,100
"362","42101036501",1308,4864,79.3791118421053,8.7171052631579,8.81990131578947,83697,35.6338028169014,1977,2290,5,2130,63.1455399061033,5.29458598726115,53.4914361001318
"363","42101036502",1159,4412,80.7116953762466,2.49320036264733,1.74524025385313,85750,26.0494537090282,1991,1780,6,1739,55.8366877515814,4.53887011105746,8.83002207505519
"364","42101036600",2432,2346,73.3162830349531,6.60699062233589,12.1909633418585,168021,54.3159609120521,2006,1359,3.7,1228,40.4723127035831,4.21561852107809,15.1424287856072
"365","42101036700",2254,3746,68.1793913507742,12.7335824879872,10.1708489054992,156638,49.5124593716143,1976,1992,4.8,1846,41.5492957746479,3.9460020768432,23.6323851203501
"366","42101036901",NA,49,0,100,0,NA,NA,NA,0,NA,0,NA,NA,NA
"367","42101036902",2979,6226,54.5454545454545,15.0979762287183,21.3138451654353,31635,98.3218163869694,2008,1097,3.4,1013,16.2882527147088,2.59287925696594,57.1285140562249
"368","42101037200",1496,3942,54.363267376966,4.337899543379,25.5707762557078,75185,27.5534441805226,1946,1810,5.3,1684,66.270783847981,3.35463258785942,53.0172413793103
"369","42101037300",1765,5982,83.901705115346,9.96322300234035,5.80073553995319,113636,38.8076079005121,1975,2892,5.3,2734,58.4125822970007,14.3478260869565,35.1555136663525
"370","42101037500",2001,3578,44.4941307993292,39.2677473448854,8.80380100614869,78387,41.2133891213389,1981,1666,5.3,1434,49.442119944212,5.46331012319229,56.6835871404399
"371","42101037600",1986,3258,55.3100061387354,14.7943523634131,19.060773480663,101742,70.7262569832402,1960,1939,2.8,1790,25.9776536312849,5.11496949788832,37.6777251184834
"372","42101037700",1159,5302,37.5330064126745,44.5680875141456,6.29950961901169,22621,85.8877964141122,1998,1957,4.9,1729,49.7975708502024,12.6222636236609,56.1616161616162
"373","42101037800",1401,2091,78.7661406025825,4.59110473457676,5.4519368723099,63772,45.8081244598099,1942,1249,5,1157,24.4598098530683,7.44606819763396,46.6037735849057
"374","42101037900",1305,4874,91.6906032006565,0.102585145670907,1.57981124333197,81528,22.1192052980132,1955,2599,5.3,2265,57.4834437086093,4.76025017373176,31.1377245508982
"375","42101038000",1282,2592,58.8734567901235,8.14043209876543,1.92901234567901,57386,34.6784363177806,1941,887,5.8,793,73.7704918032787,13.8002059732235,50.9090909090909
"376","42101038100",1512,713,54.9789621318373,12.3422159887798,1.82328190743338,39939,56.782334384858,1947,350,4.7,317,62.7760252365931,10.0864553314121,70
"377","42101038200",1287,2555,58.9041095890411,11.7416829745597,1.56555772994129,44164,24.4062244062244,1938,1416,5.6,1221,33.9066339066339,11.3948919449902,46.6442953020134
"378","42101038301",1110,2694,8.27765404602821,45.3971789161099,0,32337,45.4912516823688,1941,835,5.4,743,62.7187079407806,9.50141110065851,50.887573964497
"379","42101038400",1692,2508,73.6443381180223,12.0813397129187,5.66188197767145,116250,20.5533596837945,1978,1032,6.9,1012,72.1343873517787,4.08653846153846,34.6153846153846
"380","42101038500",1773,1888,84.4279661016949,3.70762711864407,5.19067796610169,124324,40.04329004329,1955,985,6,924,49.8917748917749,1.45278450363196,40.2702702702703
"381","42101038600",2156,1497,72.3446893787575,18.9044756179025,1.60320641282565,180000,18.9003436426117,1950,609,8.1,582,76.4604810996564,3.60065466448445,42.7272727272727
"382","42101038700",1825,2444,78.8870703764321,8.22422258592471,6.58756137479542,124792,26.7058823529412,1938,882,6.8,850,57.6470588235294,2.62329485834208,51.5418502202643
"383","42101038800",1470,3991,62.1398145828113,22.1748935103984,3.55800551240291,113343,41.1985018726592,1938,2047,6.2,1869,51.3643659711075,8.26369545032498,15.4545454545455
"384","42101038900",853,3241,8.29990743597655,83.4001851280469,0,66705,29.0076335877863,1956,1361,5.8,1310,53.587786259542,11.497975708502,42.1052631578947
"385","42101039001",1048,3940,3.07106598984772,58.6548223350254,0,41296,58.9312977099237,1958,1355,6.1,1310,75.9541984732824,6.22817229336438,69.6891191709845
"386","42101039002",1032,4731,23.2086239695625,50.4121750158529,2.43077573451702,64733,8.38117106773823,1941,1853,6.9,1742,79.2766934557979,11.674098094852,73.972602739726
"387","42101039100",407,2592,0.540123456790123,96.5663580246914,0,24963,84.9501359927471,1951,1228,4.9,1103,59.7461468721668,8.15165876777251,45.3575240128068
"388","42101980001",NA,0,NA,NA,NA,NA,NA,NA,5,NA,0,NA,NA,NA
"389","42101980002",NA,0,NA,NA,NA,NA,NA,NA,0,NA,0,NA,NA,NA
"390","42101980003",NA,0,NA,NA,NA,NA,NA,NA,0,NA,0,NA,NA,NA
"391","42101980100",NA,299,95.3177257525084,1.67224080267559,0,108889,4.54545454545455,NA,66,5,66,87.8787878787879,2.4,100
"392","42101980200",NA,396,62.3737373737374,27.020202020202,0.505050505050505,NA,0,NA,13,NA,13,100,0,NA
"393","42101980300",NA,0,NA,NA,NA,NA,NA,NA,0,NA,0,NA,NA,NA
"394","42101980400",NA,0,NA,NA,NA,NA,NA,NA,0,NA,0,NA,NA,NA
"395","42101980500",NA,0,NA,NA,NA,NA,NA,NA,0,NA,0,NA,NA,NA
"396","42101980600",NA,0,NA,NA,NA,NA,NA,NA,0,NA,0,NA,NA,NA
"397","42101980701",NA,0,NA,NA,NA,NA,NA,NA,0,NA,0,NA,NA,NA
"398","42101980702",NA,0,NA,NA,NA,NA,NA,NA,0,NA,0,NA,NA,NA
"399","42101980800",NA,0,NA,NA,NA,NA,NA,NA,0,NA,0,NA,NA,NA
"400","42101980901",NA,0,NA,NA,NA,NA,NA,NA,0,NA,0,NA,NA,NA
"401","42101980902",NA,0,NA,NA,NA,NA,NA,NA,0,NA,0,NA,NA,NA
"402","42101980903",NA,0,NA,NA,NA,NA,NA,NA,0,NA,0,NA,NA,NA
"403","42101980904",NA,0,NA,NA,NA,NA,NA,NA,0,NA,0,NA,NA,NA
"404","42101980905",NA,0,NA,NA,NA,NA,NA,NA,0,NA,0,NA,NA,NA
"405","42101980906",NA,0,NA,NA,NA,NA,NA,NA,0,NA,0,NA,NA,NA
"406","42101989100",NA,1240,10.0806451612903,68.8709677419355,1.20967741935484,NA,NA,NA,0,NA,0,NA,0,NA
"407","42101989200",NA,0,NA,NA,NA,NA,NA,NA,0,NA,0,NA,NA,NA
"408","42101989300",NA,160,22.5,75,0,NA,NA,NA,0,NA,0,NA,NA,NA
